1,null,,,,,,,,,,,,,,,,,,,,,,,,,,,,,,,,,,,,,,,,,,,,,,,,,,,,,,,,,,,,,,,,,,,,,,,,,,,,,,
2,null,,,,,,,,,,,,,,,,,,,,,,,,,,,,,,,,,,,,,,,,,,,,,,,,,,,,,,,,,,,,,,,,,,,,,,,,,,,,,,
3,503,455,504,870,505,1437,null,,,,,,,,,,,,,,,,,,,,,,,,,,,,,,,,,,,,,,,,,,,,,,,,,,,,,,,,,,,,,,,,,,,,,,,,
4,636,1115,637,1472,D22,1705,F14,1101,F15,1184,F16,1479,L05,1235,L06,890,M18,1147,M19,1597,R21,1250,null,,,,,,,,,,,,,,,,,,,,,,,,,,,,,,,,,,,,,,,,,,,,,,,,,,,,,,,,
5,null,,,,,,,,,,,,,,,,,,,,,,,,,,,,,,,,,,,,,,,,,,,,,,,,,,,,,,,,,,,,,,,,,,,,,,,,,,,,,,
6,S26,1293,S27,969,null,,,,,,,,,,,,,,,,,,,,,,,,,,,,,,,,,,,,,,,,,,,,,,,,,,,,,,,,,,,,,,,,,,,,,,,,,,
7,G16,1251,G18,684,G19,457,G20,1001,R03,981,R04,647,R05,514,R06,985,R08,1307,null,,,,,,,,,,,,,,,,,,,,,,,,,,,,,,,,,,,,,,,,,,,,,,,,,,,,,,,,,,,,
8,R01,1039,R03,963,R04,1255,null,,,,,,,,,,,,,,,,,,,,,,,,,,,,,,,,,,,,,,,,,,,,,,,,,,,,,,,,,,,,,,,,,,,,,,,,
9,null,,,,,,,,,,,,,,,,,,,,,,,,,,,,,,,,,,,,,,,,,,,,,,,,,,,,,,,,,,,,,,,,,,,,,,,,,,,,,,
10,null,,,,,,,,,,,,,,,,,,,,,,,,,,,,,,,,,,,,,,,,,,,,,,,,,,,,,,,,,,,,,,,,,,,,,,,,,,,,,,
11,B18,965,B19,545,B20,841,B21,1195,null,,,,,,,,,,,,,,,,,,,,,,,,,,,,,,,,,,,,,,,,,,,,,,,,,,,,,,,,,,,,,,,,,,,,,,
12,137,1314,138,927,139,527,140,231,142,200,228,1096,229,968,230,699,418,806,419,534,420,260,640,1306,A36,1145,A38,943,E01,984,M21,1328,M22,959,M23,560,R24,1118,R25,794,R26,494,R27,318,null,,,,,,,,,,,,,,,,,,,,,,,,,,,,,,,,,,
13,135,1478,136,1145,137,772,138,395,139,581,140,1140,142,1061,228,757,229,902,230,809,418,653,419,682,420,895,639,1675,640,1116,A34,1313,A36,805,A38,793,E01,658,M20,1606,M21,1138,M22,808,M23,808,Q01,1628,R23,1542,R24,935,R25,529,R26,626,R27,1028,null,,,,,,,,,,,,,,,,,,,,
14,R42,1084,R43,610,R44,283,R45,821,null,,,,,,,,,,,,,,,,,,,,,,,,,,,,,,,,,,,,,,,,,,,,,,,,,,,,,,,,,,,,,,,,,,,,,,
15,null,,,,,,,,,,,,,,,,,,,,,,,,,,,,,,,,,,,,,,,,,,,,,,,,,,,,,,,,,,,,,,,,,,,,,,,,,,,,,,
16,null,,,,,,,,,,,,,,,,,,,,,,,,,,,,,,,,,,,,,,,,,,,,,,,,,,,,,,,,,,,,,,,,,,,,,,,,,,,,,,
17,A45,1407,A46,1136,A47,1425,G31,819,G32,329,G33,376,G34,809,G35,1252,M11,1326,M12,1285,M13,1218,S01,1390,null,,,,,,,,,,,,,,,,,,,,,,,,,,,,,,,,,,,,,,,,,,,,,,,,,,,,,,
18,402,1281,405,746,406,622,407,1012,408,1418,D01,1094,D03,652,D04,300,D05,851,D06,1336,null,,,,,,,,,,,,,,,,,,,,,,,,,,,,,,,,,,,,,,,,,,,,,,,,,,,,,,,,,,
19,null,,,,,,,,,,,,,,,,,,,,,,,,,,,,,,,,,,,,,,,,,,,,,,,,,,,,,,,,,,,,,,,,,,,,,,,,,,,,,,
20,211,1744,406,1478,407,1240,408,1630,D04,1229,D05,955,D06,1430,null,,,,,,,,,,,,,,,,,,,,,,,,,,,,,,,,,,,,,,,,,,,,,,,,,,,,,,,,,,,,,,,,
21,B20,1325,B21,952,B22,513,B23,1177,F34,1272,F35,864,F36,1083,F38,1228,N07,1077,N08,402,N09,595,N10,853,null,,,,,,,,,,,,,,,,,,,,,,,,,,,,,,,,,,,,,,,,,,,,,,,,,,,,,,
22,B16,1442,B17,847,B18,449,B19,621,B20,854,B21,1208,N04,1391,N05,935,N06,1002,N07,1250,N08,1407,null,,,,,,,,,,,,,,,,,,,,,,,,,,,,,,,,,,,,,,,,,,,,,,,,,,,,,,,,
23,null,,,,,,,,,,,,,,,,,,,,,,,,,,,,,,,,,,,,,,,,,,,,,,,,,,,,,,,,,,,,,,,,,,,,,,,,,,,,,,
24,117,621,118,244,119,431,120,930,226,1309,227,1039,A15,1358,A16,968,A17,567,A18,758,A19,1180,null,,,,,,,,,,,,,,,,,,,,,,,,,,,,,,,,,,,,,,,,,,,,,,,,,,,,,,,,
25,231,1395,232,940,233,535,234,603,235,726,236,858,423,884,A40,1502,A41,768,A42,344,A43,999,D24,771,D25,1256,F20,388,F21,986,F22,1608,G36,889,R28,1095,R29,717,R30,581,R31,570,R32,1030,null,,,,,,,,,,,,,,,,,,,,,,,,,,,,,,,,,,
26,B13,1057,B14,653,B15,613,B16,805,B17,1250,F29,1011,F30,958,F31,1054,F32,1386,N03,1527,N04,951,N05,1210,N06,1581,null,,,,,,,,,,,,,,,,,,,,,,,,,,,,,,,,,,,,,,,,,,,,,,,,,,,,
27,null,,,,,,,,,,,,,,,,,,,,,,,,,,,,,,,,,,,,,,,,,,,,,,,,,,,,,,,,,,,,,,,,,,,,,,,,,,,,,,
28,F02,1209,F03,601,F04,658,F05,1039,G05,1071,G06,1083,G07,1223,null,,,,,,,,,,,,,,,,,,,,,,,,,,,,,,,,,,,,,,,,,,,,,,,,,,,,,,,,,,,,,,,,
29,D39,1043,D40,366,D41,764,D42,1187,F38,1582,F39,916,null,,,,,,,,,,,,,,,,,,,,,,,,,,,,,,,,,,,,,,,,,,,,,,,,,,,,,,,,,,,,,,,,,,
30,H04,718,H19,771,null,,,,,,,,,,,,,,,,,,,,,,,,,,,,,,,,,,,,,,,,,,,,,,,,,,,,,,,,,,,,,,,,,,,,,,,,,,
31,210,1286,211,1075,212,1391,505,1661,null,,,,,,,,,,,,,,,,,,,,,,,,,,,,,,,,,,,,,,,,,,,,,,,,,,,,,,,,,,,,,,,,,,,,,,
32,208,1280,209,739,210,321,211,641,504,1082,505,1132,null,,,,,,,,,,,,,,,,,,,,,,,,,,,,,,,,,,,,,,,,,,,,,,,,,,,,,,,,,,,,,,,,,,
33,231,256,232,438,233,845,234,1199,423,515,A40,578,A41,744,A42,1078,F18,946,F20,1103,R28,305,R29,808,R30,1138,null,,,,,,,,,,,,,,,,,,,,,,,,,,,,,,,,,,,,,,,,,,,,,,,,,,,,
34,234,1576,F18,1196,G35,1221,G36,1456,M16,1391,R29,1551,R30,1369,null,,,,,,,,,,,,,,,,,,,,,,,,,,,,,,,,,,,,,,,,,,,,,,,,,,,,,,,,,,,,,,,,
35,251,891,252,533,253,181,254,568,255,1087,A50,1424,L24,1329,L25,903,L26,749,L27,1140,null,,,,,,,,,,,,,,,,,,,,,,,,,,,,,,,,,,,,,,,,,,,,,,,,,,,,,,,,,,
36,J29,1701,J30,1254,J31,1086,L14,1196,L15,733,L16,375,L17,466,L19,1034,M05,1179,M06,837,M08,380,M09,270,M10,761,M11,1320,null,,,,,,,,,,,,,,,,,,,,,,,,,,,,,,,,,,,,,,,,,,,,,,,,,,
37,J29,1088,J30,637,J31,594,L14,1371,L15,1255,L16,958,L17,891,L19,1449,M06,1262,M08,807,M09,423,M10,530,M11,1035,null,,,,,,,,,,,,,,,,,,,,,,,,,,,,,,,,,,,,,,,,,,,,,,,,,,,,
38,null,,,,,,,,,,,,,,,,,,,,,,,,,,,,,,,,,,,,,,,,,,,,,,,,,,,,,,,,,,,,,,,,,,,,,,,,,,,,,,
39,L28,1420,L29,1043,null,,,,,,,,,,,,,,,,,,,,,,,,,,,,,,,,,,,,,,,,,,,,,,,,,,,,,,,,,,,,,,,,,,,,,,,,,,
40,233,1347,423,1318,A42,1277,F20,669,F21,130,F22,546,F23,1075,R31,1604,R32,1022,R33,1084,R34,1401,null,,,,,,,,,,,,,,,,,,,,,,,,,,,,,,,,,,,,,,,,,,,,,,,,,,,,,,,,
41,116,1162,117,1187,118,1403,119,1633,224,1217,225,605,226,306,227,551,621,1189,622,906,623,1187,624,1573,A14,1302,A15,669,A16,309,A17,743,A18,1124,null,,,,,,,,,,,,,,,,,,,,,,,,,,,,,,,,,,,,,,,,,,,,
42,114,1231,115,1144,116,1653,222,1131,224,437,225,1083,301,606,302,453,415,1113,416,1018,619,1319,621,1582,A11,1415,A12,869,A14,626,A15,1219,D12,1272,D13,869,null,,,,,,,,,,,,,,,,,,,,,,,,,,,,,,,,,,,,,,,,,,
43,120,1403,121,963,122,1078,123,1392,625,1302,626,765,627,1004,628,1498,A18,1375,A19,945,A20,482,A21,497,A22,979,Q04,1031,Q05,1558,null,,,,,,,,,,,,,,,,,,,,,,,,,,,,,,,,,,,,,,,,,,,,,,,,
44,S10,1468,S11,1271,S12,1218,S13,768,S14,1756,null,,,,,,,,,,,,,,,,,,,,,,,,,,,,,,,,,,,,,,,,,,,,,,,,,,,,,,,,,,,,,,,,,,,,
45,135,1176,136,934,137,938,138,1224,139,1444,228,981,229,856,230,1054,418,1039,419,1280,420,1434,637,1285,638,980,639,674,640,556,A33,1476,A34,1016,A36,925,A38,938,A40,2086,D21,1264,D22,680,E01,999,F14,1267,F15,1024,F16,560,F18,1990,M18,1049,M19,769,M20,578,M21,516,M22,924,M23,1229,Q01,630,R22,1202,R23,775,R24,819,R25,1156,R26,1418,null
46,null,,,,,,,,,,,,,,,,,,,,,,,,,,,,,,,,,,,,,,,,,,,,,,,,,,,,,,,,,,,,,,,,,,,,,,,,,,,,,,
47,215,1237,216,1407,409,1444,410,1222,411,1139,412,1582,D06,1491,D07,1121,D08,1085,D09,1250,null,,,,,,,,,,,,,,,,,,,,,,,,,,,,,,,,,,,,,,,,,,,,,,,,,,,,,,,,,,
48,124,1086,125,929,126,515,127,809,128,1279,631,1441,724,1095,725,817,726,1226,901,1287,902,732,A24,932,A25,339,A27,547,A28,1026,B10,1127,D14,743,D15,622,D16,974,D17,1279,F12,1207,R13,1489,R14,886,R15,409,R16,855,R17,1294,null,,,,,,,,,,,,,,,,,,,,,,,,,,
49,234,1287,235,1133,236,1317,237,1579,A43,835,A44,637,A45,801,A46,1211,D24,1137,D25,1486,G32,1320,G33,615,G34,218,G35,361,G36,885,R31,1238,S01,933,S03,1477,null,,,,,,,,,,,,,,,,,,,,,,,,,,,,,,,,,,,,,,,,,,
50,124,1414,125,1304,126,881,127,1413,725,1430,726,994,902,1336,A24,1307,A25,716,A27,1161,A28,1640,B10,1503,D14,1115,D15,1226,D16,1578,R14,1263,R15,1018,R16,1459,null,,,,,,,,,,,,,,,,,,,,,,,,,,,,,,,,,,,,,,,,,,
51,501,1603,502,1124,503,1721,null,,,,,,,,,,,,,,,,,,,,,,,,,,,,,,,,,,,,,,,,,,,,,,,,,,,,,,,,,,,,,,,,,,,,,,,,
52,231,1022,232,888,233,1129,234,1460,423,806,A40,1242,A41,1053,A42,1057,F20,448,F21,783,F22,1414,R28,792,R29,1101,R30,1437,R31,1439,R32,1421,null,,,,,,,,,,,,,,,,,,,,,,,,,,,,,,,,,,,,,,,,,,,,,,
53,null,,,,,,,,,,,,,,,,,,,,,,,,,,,,,,,,,,,,,,,,,,,,,,,,,,,,,,,,,,,,,,,,,,,,,,,,,,,,,,
54,140,1896,142,2008,230,1842,231,1042,232,1031,233,1341,423,975,A40,1366,A41,1246,A42,1395,F20,1160,F21,1685,R27,1960,R28,957,R29,1301,null,,,,,,,,,,,,,,,,,,,,,,,,,,,,,,,,,,,,,,,,,,,,,,,,
55,B23,1286,D42,965,D43,512,F39,1129,N12,512,null,,,,,,,,,,,,,,,,,,,,,,,,,,,,,,,,,,,,,,,,,,,,,,,,,,,,,,,,,,,,,,,,,,,,
56,705,1198,706,843,707,1198,G10,1419,G11,1366,null,,,,,,,,,,,,,,,,,,,,,,,,,,,,,,,,,,,,,,,,,,,,,,,,,,,,,,,,,,,,,,,,,,,,
57,702,569,705,130,706,620,707,1082,null,,,,,,,,,,,,,,,,,,,,,,,,,,,,,,,,,,,,,,,,,,,,,,,,,,,,,,,,,,,,,,,,,,,,,,
58,601,1352,602,1115,603,1223,null,,,,,,,,,,,,,,,,,,,,,,,,,,,,,,,,,,,,,,,,,,,,,,,,,,,,,,,,,,,,,,,,,,,,,,,,
59,214,1181,215,695,216,811,612,1362,D07,1686,D08,1676,D09,1528,null,,,,,,,,,,,,,,,,,,,,,,,,,,,,,,,,,,,,,,,,,,,,,,,,,,,,,,,,,,,,,,,,
60,213,1227,214,771,215,462,216,673,217,986,218,1248,609,1601,610,1198,611,1070,612,705,613,1193,null,,,,,,,,,,,,,,,,,,,,,,,,,,,,,,,,,,,,,,,,,,,,,,,,,,,,,,,,
61,241,1337,248,1157,249,622,250,820,A46,1172,A47,596,A48,897,S01,1472,S03,1329,null,,,,,,,,,,,,,,,,,,,,,,,,,,,,,,,,,,,,,,,,,,,,,,,,,,,,,,,,,,,,
62,238,1325,239,935,241,264,242,394,243,896,248,432,249,692,250,1258,A46,1355,D26,1215,S03,1243,S04,946,null,,,,,,,,,,,,,,,,,,,,,,,,,,,,,,,,,,,,,,,,,,,,,,,,,,,,,,
63,A53,1560,A54,1041,A55,1066,A57,1324,J17,1108,J19,763,J20,401,J21,314,J22,623,J23,1104,null,,,,,,,,,,,,,,,,,,,,,,,,,,,,,,,,,,,,,,,,,,,,,,,,,,,,,,,,,,
64,null,,,,,,,,,,,,,,,,,,,,,,,,,,,,,,,,,,,,,,,,,,,,,,,,,,,,,,,,,,,,,,,,,,,,,,,,,,,,,,
65,231,700,232,497,233,453,234,791,235,1184,423,553,A40,734,A41,331,A42,684,A43,1290,D24,1269,F18,716,F20,882,G36,1174,R28,590,R29,285,R30,569,R31,1273,null,,,,,,,,,,,,,,,,,,,,,,,,,,,,,,,,,,,,,,,,,,
66,231,930,232,1108,233,1253,423,1204,A40,612,A41,1014,A42,1473,F16,2527,F18,189,R28,1192,R29,1115,R30,1247,null,,,,,,,,,,,,,,,,,,,,,,,,,,,,,,,,,,,,,,,,,,,,,,,,,,,,,,
67,B17,1347,B18,1052,N03,1252,N04,1590,R43,1394,R44,1183,R45,1515,null,,,,,,,,,,,,,,,,,,,,,,,,,,,,,,,,,,,,,,,,,,,,,,,,,,,,,,,,,,,,,,,,
68,127,1312,128,839,129,537,130,585,131,893,132,1208,632,1484,633,1193,634,1251,725,1302,726,890,902,1455,A27,1184,A28,696,A30,319,A31,804,D16,1546,D17,1096,D18,799,D19,1251,L01,901,L02,1341,R16,1372,R17,1082,R18,906,R19,1043,null,,,,,,,,,,,,,,,,,,,,,,,,,,
69,411,1397,412,1073,413,746,414,1051,D09,839,D10,489,D11,1039,null,,,,,,,,,,,,,,,,,,,,,,,,,,,,,,,,,,,,,,,,,,,,,,,,,,,,,,,,,,,,,,,,
70,706,1293,707,1438,null,,,,,,,,,,,,,,,,,,,,,,,,,,,,,,,,,,,,,,,,,,,,,,,,,,,,,,,,,,,,,,,,,,,,,,,,,,
71,244,1251,245,769,246,969,247,1561,null,,,,,,,,,,,,,,,,,,,,,,,,,,,,,,,,,,,,,,,,,,,,,,,,,,,,,,,,,,,,,,,,,,,,,,
72,251,1227,252,1168,253,1540,null,,,,,,,,,,,,,,,,,,,,,,,,,,,,,,,,,,,,,,,,,,,,,,,,,,,,,,,,,,,,,,,,,,,,,,,,
73,null,,,,,,,,,,,,,,,,,,,,,,,,,,,,,,,,,,,,,,,,,,,,,,,,,,,,,,,,,,,,,,,,,,,,,,,,,,,,,,
74,224,1583,225,993,226,1061,227,1302,416,1522,619,1374,621,357,622,448,623,786,624,1213,A16,1558,null,,,,,,,,,,,,,,,,,,,,,,,,,,,,,,,,,,,,,,,,,,,,,,,,,,,,,,,,
75,226,1500,227,1206,622,849,623,534,624,177,625,636,626,1232,A17,1509,A18,1460,A19,1606,Q04,1186,Q05,537,null,,,,,,,,,,,,,,,,,,,,,,,,,,,,,,,,,,,,,,,,,,,,,,,,,,,,,,
76,255,1504,256,1146,257,798,A54,1514,null,,,,,,,,,,,,,,,,,,,,,,,,,,,,,,,,,,,,,,,,,,,,,,,,,,,,,,,,,,,,,,,,,,,,,,
77,253,1085,254,670,255,166,256,528,257,859,A51,1494,A52,750,A53,870,A54,1471,J23,1337,J24,1026,L22,1349,L24,1136,L25,668,L26,494,L27,839,null,,,,,,,,,,,,,,,,,,,,,,,,,,,,,,,,,,,,,,,,,,,,,,
78,212,1818,213,890,214,627,215,753,null,,,,,,,,,,,,,,,,,,,,,,,,,,,,,,,,,,,,,,,,,,,,,,,,,,,,,,,,,,,,,,,,,,,,,,
79,133,1285,634,1263,635,795,636,411,637,842,638,1186,639,1538,A32,1142,A33,1573,D19,1330,D20,1142,D21,1000,D22,1128,F14,572,F15,958,F16,1415,L02,1259,L03,825,L05,584,L06,461,M18,1021,M19,1044,M20,1566,Q01,1574,R19,1420,R20,918,R21,546,R22,1144,null,,,,,,,,,,,,,,,,,,,,,,
80,G28,1522,G29,1068,G30,1582,L10,873,L11,489,L12,537,L13,880,L14,931,L15,1523,M13,1654,null,,,,,,,,,,,,,,,,,,,,,,,,,,,,,,,,,,,,,,,,,,,,,,,,,,,,,,,,,,
81,501,867,502,689,503,1645,null,,,,,,,,,,,,,,,,,,,,,,,,,,,,,,,,,,,,,,,,,,,,,,,,,,,,,,,,,,,,,,,,,,,,,,,,
82,707,1160,708,990,709,1063,710,1197,G11,945,G12,247,G13,486,G14,1179,null,,,,,,,,,,,,,,,,,,,,,,,,,,,,,,,,,,,,,,,,,,,,,,,,,,,,,,,,,,,,,,
83,709,1389,710,1053,711,1000,712,1289,G12,1085,G13,1029,G14,1027,G15,1336,null,,,,,,,,,,,,,,,,,,,,,,,,,,,,,,,,,,,,,,,,,,,,,,,,,,,,,,,,,,,,,,
84,S15,1429,S16,536,S17,1583,null,,,,,,,,,,,,,,,,,,,,,,,,,,,,,,,,,,,,,,,,,,,,,,,,,,,,,,,,,,,,,,,,,,,,,,,,
85,243,1074,244,574,245,276,246,702,247,1197,D27,1381,D28,1132,D29,980,D30,1013,D31,1435,null,,,,,,,,,,,,,,,,,,,,,,,,,,,,,,,,,,,,,,,,,,,,,,,,,,,,,,,,,,
86,H09,1118,H10,480,H11,385,null,,,,,,,,,,,,,,,,,,,,,,,,,,,,,,,,,,,,,,,,,,,,,,,,,,,,,,,,,,,,,,,,,,,,,,,,
87,136,1357,137,990,138,650,139,548,140,677,142,657,228,730,229,307,230,149,231,1500,418,425,419,384,420,598,639,1318,640,770,A34,1445,A36,821,A38,384,E01,660,M20,1260,M21,792,M22,401,M23,333,Q01,1271,R23,1347,R24,719,R25,470,R26,522,R27,513,null,,,,,,,,,,,,,,,,,,,,
88,137,1241,138,883,139,565,140,252,142,232,228,1001,229,637,230,368,418,678,419,424,420,276,640,1057,A36,1072,A38,659,E01,911,M21,1079,M22,676,M23,272,R24,990,R25,721,R26,539,R27,102,null,,,,,,,,,,,,,,,,,,,,,,,,,,,,,,,,,,
89,245,1267,246,960,247,1272,D28,1077,D29,737,D30,462,D31,312,D32,826,D33,1277,F29,1430,null,,,,,,,,,,,,,,,,,,,,,,,,,,,,,,,,,,,,,,,,,,,,,,,,,,,,,,,,,,
90,128,785,129,479,130,171,131,120,132,431,133,867,632,1392,633,1100,634,816,635,977,636,1393,726,1651,A28,1060,A30,446,A31,434,A32,944,D17,1040,D18,375,D19,467,D20,944,L01,553,L02,557,L03,937,L05,1294,R17,1026,R18,837,R19,645,R20,871,R21,1348,null,,,,,,,,,,,,,,,,,,,,
91,null,,,,,,,,,,,,,,,,,,,,,,,,,,,,,,,,,,,,,,,,,,,,,,,,,,,,,,,,,,,,,,,,,,,,,,,,,,,,,,
92,701,182,702,1230,null,,,,,,,,,,,,,,,,,,,,,,,,,,,,,,,,,,,,,,,,,,,,,,,,,,,,,,,,,,,,,,,,,,,,,,,,,,
93,702,1507,null,,,,,,,,,,,,,,,,,,,,,,,,,,,,,,,,,,,,,,,,,,,,,,,,,,,,,,,,,,,,,,,,,,,,,,,,,,,,
94,406,927,407,515,408,333,409,756,410,1238,D04,886,D05,312,D06,215,D07,717,null,,,,,,,,,,,,,,,,,,,,,,,,,,,,,,,,,,,,,,,,,,,,,,,,,,,,,,,,,,,,
95,F06,1434,F07,808,G08,251,G09,635,G10,1186,null,,,,,,,,,,,,,,,,,,,,,,,,,,,,,,,,,,,,,,,,,,,,,,,,,,,,,,,,,,,,,,,,,,,,
96,J16,1450,J17,985,J19,825,J20,1442,null,,,,,,,,,,,,,,,,,,,,,,,,,,,,,,,,,,,,,,,,,,,,,,,,,,,,,,,,,,,,,,,,,,,,,,
97,232,1225,233,787,234,678,235,765,236,949,423,1179,A41,1011,A42,859,A43,456,A44,1016,D24,769,D25,1287,F18,1561,F20,1435,G34,1140,G35,719,G36,383,R28,1401,R29,905,R30,573,R31,870,null,,,,,,,,,,,,,,,,,,,,,,,,,,,,,,,,,,,,
98,null,,,,,,,,,,,,,,,,,,,,,,,,,,,,,,,,,,,,,,,,,,,,,,,,,,,,,,,,,,,,,,,,,,,,,,,,,,,,,,
99,null,,,,,,,,,,,,,,,,,,,,,,,,,,,,,,,,,,,,,,,,,,,,,,,,,,,,,,,,,,,,,,,,,,,,,,,,,,,,,,
100,126,772,127,170,128,296,129,588,130,887,131,1180,630,1587,631,973,632,936,633,1126,634,1332,723,1035,724,611,725,194,726,1033,901,814,902,303,A25,899,A27,447,A28,417,A30,1011,B10,1319,D14,934,D15,812,D16,385,D17,380,D18,1021,F12,1396,R14,1086,R15,615,R16,220,R17,395,R18,745,R19,1124,null,,,,,,,,,,
101,null,,,,,,,,,,,,,,,,,,,,,,,,,,,,,,,,,,,,,,,,,,,,,,,,,,,,,,,,,,,,,,,,,,,,,,,,,,,,,,
102,J17,1971,J19,2278,M01,1484,null,,,,,,,,,,,,,,,,,,,,,,,,,,,,,,,,,,,,,,,,,,,,,,,,,,,,,,,,,,,,,,,,,,,,,,,,
103,null,,,,,,,,,,,,,,,,,,,,,,,,,,,,,,,,,,,,,,,,,,,,,,,,,,,,,,,,,,,,,,,,,,,,,,,,,,,,,,
104,null,,,,,,,,,,,,,,,,,,,,,,,,,,,,,,,,,,,,,,,,,,,,,,,,,,,,,,,,,,,,,,,,,,,,,,,,,,,,,,
105,140,1114,142,1226,null,,,,,,,,,,,,,,,,,,,,,,,,,,,,,,,,,,,,,,,,,,,,,,,,,,,,,,,,,,,,,,,,,,,,,,,,,,
106,236,1589,D25,1757,F20,1519,F21,982,F22,464,F23,452,F24,1165,R31,1388,R32,756,R33,384,R34,942,R35,1453,null,,,,,,,,,,,,,,,,,,,,,,,,,,,,,,,,,,,,,,,,,,,,,,,,,,,,,,
107,129,1308,130,1088,131,1068,132,1375,632,1020,633,728,634,415,635,618,636,852,637,1283,A30,1354,A31,1397,A32,1579,D17,1377,D18,886,D19,1014,D20,1579,F14,1381,L01,1516,L02,1094,L03,668,L05,457,L06,717,R17,1363,R18,1000,R19,617,R20,629,R21,971,null,,,,,,,,,,,,,,,,,,,,,,
108,B22,906,B23,153,D42,1618,D43,1094,F36,1061,F38,810,F39,1487,N09,899,N10,439,N12,1094,null,,,,,,,,,,,,,,,,,,,,,,,,,,,,,,,,,,,,,,,,,,,,,,,,,,,,,,,,,,
109,S18,1127,S19,165,S20,1138,null,,,,,,,,,,,,,,,,,,,,,,,,,,,,,,,,,,,,,,,,,,,,,,,,,,,,,,,,,,,,,,,,,,,,,,,,
110,S20,1664,null,,,,,,,,,,,,,,,,,,,,,,,,,,,,,,,,,,,,,,,,,,,,,,,,,,,,,,,,,,,,,,,,,,,,,,,,,,,,
111,B12,1673,B13,1649,F25,1317,F26,1296,F27,1122,R34,1539,R35,985,R36,995,null,,,,,,,,,,,,,,,,,,,,,,,,,,,,,,,,,,,,,,,,,,,,,,,,,,,,,,,,,,,,,,
112,720,1518,721,1436,G26,504,G28,593,L08,1410,null,,,,,,,,,,,,,,,,,,,,,,,,,,,,,,,,,,,,,,,,,,,,,,,,,,,,,,,,,,,,,,,,,,,,
113,130,1287,131,1072,132,772,133,636,134,1005,135,1265,633,1157,634,843,635,438,636,369,637,756,638,1120,A30,1529,A31,1041,A32,549,A33,972,A34,1292,D18,1085,D19,709,D20,549,D21,834,D22,1479,F14,1096,L01,933,L02,616,L03,347,L05,694,L06,1017,M19,1247,R18,1199,R19,818,R20,401,R21,289,R22,886,R23,1351,null,,,,,,,,
114,131,1284,132,973,133,647,134,646,135,893,136,1105,634,1248,635,843,636,588,637,350,638,698,639,1050,A31,1264,A32,479,A33,613,A34,905,D19,1029,D20,479,D21,424,D22,1183,F14,810,F15,1356,L01,1156,L02,937,L03,752,L05,1099,L06,1422,M18,1419,M19,965,M20,1111,Q01,1070,R19,1223,R20,806,R21,469,R22,474,R23,939,null,,,,,,
115,S28,1351,S29,1355,null,,,,,,,,,,,,,,,,,,,,,,,,,,,,,,,,,,,,,,,,,,,,,,,,,,,,,,,,,,,,,,,,,,,,,,,,,,
116,113,694,114,204,115,628,116,1211,224,1532,301,1100,302,1040,A10,1061,A11,704,A12,356,A14,960,D12,1004,D13,356,null,,,,,,,,,,,,,,,,,,,,,,,,,,,,,,,,,,,,,,,,,,,,,,,,,,,,
117,H06,626,H07,224,H08,975,null,,,,,,,,,,,,,,,,,,,,,,,,,,,,,,,,,,,,,,,,,,,,,,,,,,,,,,,,,,,,,,,,,,,,,,,,
118,null,,,,,,,,,,,,,,,,,,,,,,,,,,,,,,,,,,,,,,,,,,,,,,,,,,,,,,,,,,,,,,,,,,,,,,,,,,,,,,
119,111,1902,112,1644,411,1106,412,800,413,615,414,1116,A07,1812,A09,1581,A10,1759,A11,1803,D09,1188,D10,934,D11,1133,D12,1597,null,,,,,,,,,,,,,,,,,,,,,,,,,,,,,,,,,,,,,,,,,,,,,,,,,,
120,109,1625,110,1272,111,1037,112,1168,410,2310,411,2162,412,2139,413,2251,A05,1865,A06,1473,A07,1053,A09,1103,A10,1281,null,,,,,,,,,,,,,,,,,,,,,,,,,,,,,,,,,,,,,,,,,,,,,,,,,,,,
121,null,,,,,,,,,,,,,,,,,,,,,,,,,,,,,,,,,,,,,,,,,,,,,,,,,,,,,,,,,,,,,,,,,,,,,,,,,,,,,,
122,null,,,,,,,,,,,,,,,,,,,,,,,,,,,,,,,,,,,,,,,,,,,,,,,,,,,,,,,,,,,,,,,,,,,,,,,,,,,,,,
123,D35,1094,D37,732,D38,1020,F34,1320,F35,871,F36,885,F38,1422,N08,1438,N09,1085,N10,1487,null,,,,,,,,,,,,,,,,,,,,,,,,,,,,,,,,,,,,,,,,,,,,,,,,,,,,,,,,,,
124,H01,1588,H02,1588,H03,1485,null,,,,,,,,,,,,,,,,,,,,,,,,,,,,,,,,,,,,,,,,,,,,,,,,,,,,,,,,,,,,,,,,,,,,,,,,
125,132,1210,133,763,134,285,135,372,136,680,137,946,228,1248,636,1482,637,1121,638,814,639,928,640,1359,A32,805,A33,274,A34,569,A36,1132,D20,805,D21,945,D22,1318,E01,1274,F14,1441,L01,1208,L02,1298,M19,1136,M20,939,M21,1337,Q01,898,R21,1344,R22,790,R23,774,R24,1268,null,,,,,,,,,,,,,,,,
126,217,1342,218,1416,219,1454,612,1518,613,997,614,977,615,1336,null,,,,,,,,,,,,,,,,,,,,,,,,,,,,,,,,,,,,,,,,,,,,,,,,,,,,,,,,,,,,,,,,
127,106,1077,107,401,108,197,109,766,110,1462,407,1539,408,1743,A02,228,A03,663,A05,1348,null,,,,,,,,,,,,,,,,,,,,,,,,,,,,,,,,,,,,,,,,,,,,,,,,,,,,,,,,,,
128,104,1554,106,1681,107,2333,A02,2655,A03,2655,null,,,,,,,,,,,,,,,,,,,,,,,,,,,,,,,,,,,,,,,,,,,,,,,,,,,,,,,,,,,,,,,,,,,,
129,708,1280,709,838,710,1298,711,1639,G14,1324,G15,1395,null,,,,,,,,,,,,,,,,,,,,,,,,,,,,,,,,,,,,,,,,,,,,,,,,,,,,,,,,,,,,,,,,,,
130,F01,1333,F02,715,F03,868,F04,1388,G05,523,G06,976,null,,,,,,,,,,,,,,,,,,,,,,,,,,,,,,,,,,,,,,,,,,,,,,,,,,,,,,,,,,,,,,,,,,
131,F01,1126,null,,,,,,,,,,,,,,,,,,,,,,,,,,,,,,,,,,,,,,,,,,,,,,,,,,,,,,,,,,,,,,,,,,,,,,,,,,,,
132,null,,,,,,,,,,,,,,,,,,,,,,,,,,,,,,,,,,,,,,,,,,,,,,,,,,,,,,,,,,,,,,,,,,,,,,,,,,,,,,
133,B13,1489,D28,1400,D29,1027,D30,1012,D31,1497,F26,975,F27,491,F29,558,F30,1008,null,,,,,,,,,,,,,,,,,,,,,,,,,,,,,,,,,,,,,,,,,,,,,,,,,,,,,,,,,,,,
134,F04,1308,F05,884,F06,769,F07,1081,G07,910,J12,973,J13,1336,null,,,,,,,,,,,,,,,,,,,,,,,,,,,,,,,,,,,,,,,,,,,,,,,,,,,,,,,,,,,,,,,,
135,null,,,,,,,,,,,,,,,,,,,,,,,,,,,,,,,,,,,,,,,,,,,,,,,,,,,,,,,,,,,,,,,,,,,,,,,,,,,,,,
136,104,1407,106,1203,107,1484,108,1037,406,748,407,534,408,903,409,1374,A02,1396,D04,1095,D05,799,D06,1272,null,,,,,,,,,,,,,,,,,,,,,,,,,,,,,,,,,,,,,,,,,,,,,,,,,,,,,,
137,129,1259,631,1299,632,774,633,585,634,894,635,1376,723,1232,724,1688,901,1475,D17,1288,D18,1308,L03,1427,L05,1068,L06,928,R17,1274,R18,947,R19,1078,R20,1391,null,,,,,,,,,,,,,,,,,,,,,,,,,,,,,,,,,,,,,,,,,,
138,null,,,,,,,,,,,,,,,,,,,,,,,,,,,,,,,,,,,,,,,,,,,,,,,,,,,,,,,,,,,,,,,,,,,,,,,,,,,,,,
139,null,,,,,,,,,,,,,,,,,,,,,,,,,,,,,,,,,,,,,,,,,,,,,,,,,,,,,,,,,,,,,,,,,,,,,,,,,,,,,,
140,626,1672,627,1085,628,749,629,1249,B04,2910,B06,4774,B08,1019,F11,1505,Q03,484,Q04,1364,R11,1175,R13,1670,null,,,,,,,,,,,,,,,,,,,,,,,,,,,,,,,,,,,,,,,,,,,,,,,,,,,,,,
141,626,1483,627,899,628,408,629,870,630,1399,B06,4711,B08,642,B10,1661,F11,1128,F12,1630,Q03,305,Q04,1187,R11,802,R13,1289,null,,,,,,,,,,,,,,,,,,,,,,,,,,,,,,,,,,,,,,,,,,,,,,,,,,
142,122,938,123,450,124,79,125,512,126,1146,628,1385,A21,1043,A22,505,A24,515,A25,1080,B10,1091,D14,1097,F12,1561,R13,1175,R14,963,R15,1332,null,,,,,,,,,,,,,,,,,,,,,,,,,,,,,,,,,,,,,,,,,,,,,,
143,122,944,123,608,124,453,125,940,A21,1546,A22,998,A24,943,A25,1478,B10,1513,D14,1495,R14,1347,null,,,,,,,,,,,,,,,,,,,,,,,,,,,,,,,,,,,,,,,,,,,,,,,,,,,,,,,,
144,133,1393,134,1006,135,776,136,957,137,1263,228,1294,229,1317,418,1354,636,894,637,479,638,170,639,351,640,871,A32,1284,A33,740,A34,782,A36,1241,A38,1256,D20,1284,D21,459,D22,367,E01,1314,F14,707,F15,653,F16,993,M18,710,M19,218,M20,343,M21,831,M22,1239,Q01,387,R21,945,R22,391,R23,480,R24,1134,null,,,,,,,,
145,716,1294,718,862,719,330,720,338,721,488,B04,909,B06,1543,F09,373,G21,871,G22,355,G24,179,R08,1326,R09,862,null,,,,,,,,,,,,,,,,,,,,,,,,,,,,,,,,,,,,,,,,,,,,,,,,,,,,
146,715,1389,716,1055,718,548,719,1008,B04,679,F09,1007,G19,1213,G20,492,G21,568,G22,973,R05,1015,R06,541,R08,219,R09,548,null,,,,,,,,,,,,,,,,,,,,,,,,,,,,,,,,,,,,,,,,,,,,,,,,,,
147,216,1113,217,581,218,290,219,366,220,801,612,1115,613,688,614,393,615,804,616,1148,null,,,,,,,,,,,,,,,,,,,,,,,,,,,,,,,,,,,,,,,,,,,,,,,,,,,,,,,,,,
148,134,1428,135,1208,136,1392,137,1617,636,1161,637,895,638,594,639,786,640,1235,A33,1162,A34,1232,A36,1604,D21,870,D22,286,F14,478,F15,230,F16,580,L05,1448,L06,1259,M18,275,M19,268,M20,775,M21,1195,Q01,822,R21,1276,R22,810,R23,912,R24,1566,null,,,,,,,,,,,,,,,,,,,,,,
149,D35,977,D37,906,D38,1156,null,,,,,,,,,,,,,,,,,,,,,,,,,,,,,,,,,,,,,,,,,,,,,,,,,,,,,,,,,,,,,,,,,,,,,,,,
150,D39,1010,D40,1241,null,,,,,,,,,,,,,,,,,,,,,,,,,,,,,,,,,,,,,,,,,,,,,,,,,,,,,,,,,,,,,,,,,,,,,,,,,,
151,117,928,118,551,119,151,120,495,121,987,227,1321,A16,1328,A17,920,A18,496,A19,812,A20,1351,null,,,,,,,,,,,,,,,,,,,,,,,,,,,,,,,,,,,,,,,,,,,,,,,,,,,,,,,,
152,114,919,115,486,116,444,117,1231,224,1128,225,1233,301,1626,302,1546,A12,1010,A14,645,A15,658,A16,1188,D13,1010,null,,,,,,,,,,,,,,,,,,,,,,,,,,,,,,,,,,,,,,,,,,,,,,,,,,,,
153,103,999,104,548,106,333,107,1007,108,1444,406,1585,A02,1329,null,,,,,,,,,,,,,,,,,,,,,,,,,,,,,,,,,,,,,,,,,,,,,,,,,,,,,,,,,,,,,,,,
154,null,,,,,,,,,,,,,,,,,,,,,,,,,,,,,,,,,,,,,,,,,,,,,,,,,,,,,,,,,,,,,,,,,,,,,,,,,,,,,,
155,null,,,,,,,,,,,,,,,,,,,,,,,,,,,,,,,,,,,,,,,,,,,,,,,,,,,,,,,,,,,,,,,,,,,,,,,,,,,,,,
156,null,,,,,,,,,,,,,,,,,,,,,,,,,,,,,,,,,,,,,,,,,,,,,,,,,,,,,,,,,,,,,,,,,,,,,,,,,,,,,,
157,null,,,,,,,,,,,,,,,,,,,,,,,,,,,,,,,,,,,,,,,,,,,,,,,,,,,,,,,,,,,,,,,,,,,,,,,,,,,,,,
158,130,1286,131,1005,132,694,133,550,134,811,135,1195,635,1506,636,1398,637,1379,A30,1260,A31,772,A32,710,A33,1071,D19,1050,D20,710,D21,1411,L01,654,L02,968,L03,1415,R20,1468,R21,1302,R22,1453,null,,,,,,,,,,,,,,,,,,,,,,,,,,,,,,,,,,
159,218,1270,219,891,220,613,221,421,222,1024,414,1545,415,1085,416,1423,614,1284,615,1060,616,1172,617,1373,618,978,619,1204,D11,1533,null,,,,,,,,,,,,,,,,,,,,,,,,,,,,,,,,,,,,,,,,,,,,,,,,
160,M01,1153,null,,,,,,,,,,,,,,,,,,,,,,,,,,,,,,,,,,,,,,,,,,,,,,,,,,,,,,,,,,,,,,,,,,,,,,,,,,,,
161,125,1236,126,574,127,910,128,1370,629,995,630,468,631,712,632,1232,723,769,724,506,725,928,901,558,902,803,A24,1239,A25,704,A27,1026,A28,1505,B08,1246,B10,653,D14,640,D15,280,D16,711,D17,1132,F11,732,F12,275,R11,1077,R13,660,R14,832,R15,467,R16,901,R17,1147,null,,,,,,,,,,,,,,,,
162,125,1564,126,932,127,1343,628,1154,629,571,630,53,631,544,632,1183,723,496,724,933,725,1370,901,710,902,1252,A24,1567,A25,1059,A27,1477,B08,824,B10,979,D14,968,D15,739,D16,1147,D17,1566,F11,308,F12,499,R11,647,R13,985,R14,1153,R15,943,R16,1322,R17,1581,null,,,,,,,,,,,,,,,,,,
163,123,1495,124,1028,125,576,126,633,127,1144,628,1375,629,791,630,983,631,1448,723,1505,724,1104,725,1162,901,1289,902,1057,A22,1197,A24,569,A25,784,A27,1260,B08,1040,B10,53,D14,405,D15,559,D16,991,F11,1010,F12,551,R11,871,R13,378,R14,267,R15,697,R16,1168,null,,,,,,,,,,,,,,,,,,
164,126,1271,127,712,128,446,129,738,130,1035,131,1330,630,1424,631,824,632,366,633,643,634,897,635,1322,723,886,724,606,725,739,901,663,902,751,A25,1398,A27,976,A28,609,A30,1169,D15,1057,D16,635,D17,198,D18,833,D19,1271,F12,1247,L02,1351,L03,1282,R15,1104,R16,629,R17,213,R18,491,R19,709,R20,1216,null,,,,,,,,
165,247,1588,D32,1146,D33,592,D34,468,D35,1136,F32,1727,F33,1536,null,,,,,,,,,,,,,,,,,,,,,,,,,,,,,,,,,,,,,,,,,,,,,,,,,,,,,,,,,,,,,,,,
166,115,1238,116,580,117,265,118,613,119,995,225,1283,226,1260,227,1444,A14,1420,A15,787,A16,861,A17,970,A18,1408,null,,,,,,,,,,,,,,,,,,,,,,,,,,,,,,,,,,,,,,,,,,,,,,,,,,,,
167,216,801,217,892,218,805,219,818,220,1035,612,1189,613,1265,614,1221,D09,1640,D10,1477,null,,,,,,,,,,,,,,,,,,,,,,,,,,,,,,,,,,,,,,,,,,,,,,,,,,,,,,,,,,
168,220,1091,221,920,222,1404,415,1382,416,977,615,1148,616,829,617,337,618,170,619,655,null,,,,,,,,,,,,,,,,,,,,,,,,,,,,,,,,,,,,,,,,,,,,,,,,,,,,,,,,,,
169,407,1584,408,1244,409,723,410,734,411,1125,412,1545,D05,1303,D06,857,D07,404,D08,665,D09,1310,null,,,,,,,,,,,,,,,,,,,,,,,,,,,,,,,,,,,,,,,,,,,,,,,,,,,,,,,,
170,127,1048,128,1009,129,1298,130,1557,630,875,631,397,632,349,633,623,634,922,723,329,724,786,725,1075,901,573,902,1087,A27,1312,A28,1138,D15,1299,D16,905,D17,764,D18,1355,F11,1130,F12,1341,R15,1440,R16,965,R17,779,R18,979,R19,1124,null,,,,,,,,,,,,,,,,,,,,,,,,
171,null,,,,,,,,,,,,,,,,,,,,,,,,,,,,,,,,,,,,,,,,,,,,,,,,,,,,,,,,,,,,,,,,,,,,,,,,,,,,,,
172,S22,933,S23,959,S24,1361,null,,,,,,,,,,,,,,,,,,,,,,,,,,,,,,,,,,,,,,,,,,,,,,,,,,,,,,,,,,,,,,,,,,,,,,,,
173,702,1285,705,649,706,288,707,637,708,1049,null,,,,,,,,,,,,,,,,,,,,,,,,,,,,,,,,,,,,,,,,,,,,,,,,,,,,,,,,,,,,,,,,,,,,
174,207,1540,208,1044,209,1435,401,983,402,674,405,1105,D01,296,D03,908,null,,,,,,,,,,,,,,,,,,,,,,,,,,,,,,,,,,,,,,,,,,,,,,,,,,,,,,,,,,,,,,
175,null,,,,,,,,,,,,,,,,,,,,,,,,,,,,,,,,,,,,,,,,,,,,,,,,,,,,,,,,,,,,,,,,,,,,,,,,,,,,,,
176,S20,1388,S21,422,S22,1306,null,,,,,,,,,,,,,,,,,,,,,,,,,,,,,,,,,,,,,,,,,,,,,,,,,,,,,,,,,,,,,,,,,,,,,,,,
177,251,1383,A48,1203,A49,565,A50,239,A51,682,A52,1161,J24,967,J27,738,J28,756,J29,841,L20,1443,L21,965,L22,823,L24,772,L25,1234,null,,,,,,,,,,,,,,,,,,,,,,,,,,,,,,,,,,,,,,,,,,,,,,,,
178,D32,1800,D33,1309,D34,838,D35,1562,F30,1443,F31,1045,F32,650,F33,400,F34,852,F35,1338,N06,1220,N07,1111,null,,,,,,,,,,,,,,,,,,,,,,,,,,,,,,,,,,,,,,,,,,,,,,,,,,,,,,
179,R01,1372,R03,781,R04,725,R05,1171,null,,,,,,,,,,,,,,,,,,,,,,,,,,,,,,,,,,,,,,,,,,,,,,,,,,,,,,,,,,,,,,,,,,,,,,
180,A57,1283,A59,991,A60,531,A61,615,A63,1087,A64,1499,H01,1263,H02,1263,null,,,,,,,,,,,,,,,,,,,,,,,,,,,,,,,,,,,,,,,,,,,,,,,,,,,,,,,,,,,,,,
181,235,1371,236,1012,237,1090,238,1521,D25,1058,F21,1393,F22,1135,F23,732,F24,524,F25,1202,R31,1394,R32,807,R33,541,R34,1118,null,,,,,,,,,,,,,,,,,,,,,,,,,,,,,,,,,,,,,,,,,,,,,,,,,,
182,212,1361,213,1285,604,1257,606,859,607,596,608,556,609,1054,null,,,,,,,,,,,,,,,,,,,,,,,,,,,,,,,,,,,,,,,,,,,,,,,,,,,,,,,,,,,,,,,,
183,601,405,602,245,603,568,604,1143,null,,,,,,,,,,,,,,,,,,,,,,,,,,,,,,,,,,,,,,,,,,,,,,,,,,,,,,,,,,,,,,,,,,,,,,
184,null,,,,,,,,,,,,,,,,,,,,,,,,,,,,,,,,,,,,,,,,,,,,,,,,,,,,,,,,,,,,,,,,,,,,,,,,,,,,,,
185,211,1003,212,1114,504,471,505,490,null,,,,,,,,,,,,,,,,,,,,,,,,,,,,,,,,,,,,,,,,,,,,,,,,,,,,,,,,,,,,,,,,,,,,,,
186,127,663,128,184,129,115,130,418,131,707,132,1018,631,1472,632,829,633,782,634,988,635,1397,723,1534,724,1109,725,687,726,1076,901,1312,902,800,A27,941,A28,453,A30,542,A31,1027,D15,1309,D16,887,D17,437,D18,622,D19,1060,L01,1144,L02,1150,L03,1357,R15,1108,R16,717,R17,423,R18,401,R19,780,R20,1291,null,,,,,,,,
187,null,,,,,,,,,,,,,,,,,,,,,,,,,,,,,,,,,,,,,,,,,,,,,,,,,,,,,,,,,,,,,,,,,,,,,,,,,,,,,,
188,239,1664,241,950,242,540,243,347,244,841,245,1302,248,1118,249,1220,D26,1332,D27,1142,D28,1607,null,,,,,,,,,,,,,,,,,,,,,,,,,,,,,,,,,,,,,,,,,,,,,,,,,,,,,,,,
189,234,1262,235,900,236,551,237,387,238,733,239,1002,A43,1002,A44,673,A45,1123,A46,1529,D24,909,D25,391,G34,1419,G35,1071,G36,1147,R31,900,R32,1196,S01,1167,S03,718,S04,967,null,,,,,,,,,,,,,,,,,,,,,,,,,,,,,,,,,,,,,,
190,237,1314,238,1372,239,1341,242,1382,D26,593,D27,916,D28,1309,F24,958,F25,937,F26,1391,S04,1337,null,,,,,,,,,,,,,,,,,,,,,,,,,,,,,,,,,,,,,,,,,,,,,,,,,,,,,,,,
191,null,,,,,,,,,,,,,,,,,,,,,,,,,,,,,,,,,,,,,,,,,,,,,,,,,,,,,,,,,,,,,,,,,,,,,,,,,,,,,,
192,null,,,,,,,,,,,,,,,,,,,,,,,,,,,,,,,,,,,,,,,,,,,,,,,,,,,,,,,,,,,,,,,,,,,,,,,,,,,,,,
193,718,1208,719,1446,B04,687,B06,1235,F09,1385,G20,1212,G21,1387,G22,1549,R05,1437,R06,990,R08,1038,R09,1208,null,,,,,,,,,,,,,,,,,,,,,,,,,,,,,,,,,,,,,,,,,,,,,,,,,,,,,,
194,null,,,,,,,,,,,,,,,,,,,,,,,,,,,,,,,,,,,,,,,,,,,,,,,,,,,,,,,,,,,,,,,,,,,,,,,,,,,,,,
195,F21,1404,F22,1039,null,,,,,,,,,,,,,,,,,,,,,,,,,,,,,,,,,,,,,,,,,,,,,,,,,,,,,,,,,,,,,,,,,,,,,,,,,,
196,G09,1127,G10,474,G11,923,null,,,,,,,,,,,,,,,,,,,,,,,,,,,,,,,,,,,,,,,,,,,,,,,,,,,,,,,,,,,,,,,,,,,,,,,,
197,A63,1542,A64,1147,A65,834,G07,1472,J12,751,J13,577,J14,1132,null,,,,,,,,,,,,,,,,,,,,,,,,,,,,,,,,,,,,,,,,,,,,,,,,,,,,,,,,,,,,,,,,
198,L16,1424,L17,880,L19,1087,M01,1501,M04,614,M05,248,M06,535,M08,928,null,,,,,,,,,,,,,,,,,,,,,,,,,,,,,,,,,,,,,,,,,,,,,,,,,,,,,,,,,,,,,,
199,null,,,,,,,,,,,,,,,,,,,,,,,,,,,,,,,,,,,,,,,,,,,,,,,,,,,,,,,,,,,,,,,,,,,,,,,,,,,,,,
200,101,1333,null,,,,,,,,,,,,,,,,,,,,,,,,,,,,,,,,,,,,,,,,,,,,,,,,,,,,,,,,,,,,,,,,,,,,,,,,,,,,
201,H14,1160,H15,612,null,,,,,,,,,,,,,,,,,,,,,,,,,,,,,,,,,,,,,,,,,,,,,,,,,,,,,,,,,,,,,,,,,,,,,,,,,,
202,627,5191,628,4679,629,4177,718,2082,B04,1567,B06,311,B08,4326,F09,2259,Q03,4588,R09,2082,R11,4106,null,,,,,,,,,,,,,,,,,,,,,,,,,,,,,,,,,,,,,,,,,,,,,,,,,,,,,,,,
203,null,,,,,,,,,,,,,,,,,,,,,,,,,,,,,,,,,,,,,,,,,,,,,,,,,,,,,,,,,,,,,,,,,,,,,,,,,,,,,,
204,S16,1742,null,,,,,,,,,,,,,,,,,,,,,,,,,,,,,,,,,,,,,,,,,,,,,,,,,,,,,,,,,,,,,,,,,,,,,,,,,,,,
205,null,,,,,,,,,,,,,,,,,,,,,,,,,,,,,,,,,,,,,,,,,,,,,,,,,,,,,,,,,,,,,,,,,,,,,,,,,,,,,,
206,S30,1164,S31,1250,null,,,,,,,,,,,,,,,,,,,,,,,,,,,,,,,,,,,,,,,,,,,,,,,,,,,,,,,,,,,,,,,,,,,,,,,,,,
207,G15,2187,G16,2009,G18,1905,null,,,,,,,,,,,,,,,,,,,,,,,,,,,,,,,,,,,,,,,,,,,,,,,,,,,,,,,,,,,,,,,,,,,,,,,,
208,null,,,,,,,,,,,,,,,,,,,,,,,,,,,,,,,,,,,,,,,,,,,,,,,,,,,,,,,,,,,,,,,,,,,,,,,,,,,,,,
209,135,1630,136,1307,137,940,138,759,139,846,140,933,142,915,228,669,229,224,230,447,231,2145,418,448,419,682,420,896,638,1520,639,1184,640,636,A34,1395,A36,771,A38,306,A40,1827,D22,1257,E01,610,F16,1189,M19,1346,M20,1118,M21,658,M22,321,M23,631,Q01,1170,R23,1231,R24,603,R25,581,R26,820,R27,793,null,,,,,,,,
210,D37,1614,D38,1272,D39,1159,null,,,,,,,,,,,,,,,,,,,,,,,,,,,,,,,,,,,,,,,,,,,,,,,,,,,,,,,,,,,,,,,,,,,,,,,,
211,132,1421,133,1004,134,579,135,439,136,641,137,972,228,1122,635,1442,636,1072,637,661,638,354,639,625,640,1146,A32,912,A33,313,A34,443,A36,1006,A38,1471,D20,912,D21,501,D22,854,E01,1159,F14,997,F15,1086,F16,1465,L02,1405,L03,1355,M18,1152,M19,676,M20,651,M21,1106,M22,1442,Q01,610,R21,951,R22,349,R23,486,R24,1116,null,,,,
212,213,1420,608,967,609,415,610,498,611,814,612,1418,null,,,,,,,,,,,,,,,,,,,,,,,,,,,,,,,,,,,,,,,,,,,,,,,,,,,,,,,,,,,,,,,,,,
213,null,,,,,,,,,,,,,,,,,,,,,,,,,,,,,,,,,,,,,,,,,,,,,,,,,,,,,,,,,,,,,,,,,,,,,,,,,,,,,,
214,S24,1589,S25,900,S26,1174,null,,,,,,,,,,,,,,,,,,,,,,,,,,,,,,,,,,,,,,,,,,,,,,,,,,,,,,,,,,,,,,,,,,,,,,,,
215,G05,1094,G06,1547,null,,,,,,,,,,,,,,,,,,,,,,,,,,,,,,,,,,,,,,,,,,,,,,,,,,,,,,,,,,,,,,,,,,,,,,,,,,
216,A64,1226,A65,986,H01,1669,H02,1669,null,,,,,,,,,,,,,,,,,,,,,,,,,,,,,,,,,,,,,,,,,,,,,,,,,,,,,,,,,,,,,,,,,,,,,,
217,G29,929,G30,650,G31,702,G32,1189,L08,1409,L10,1111,M12,1332,M13,873,M14,415,M16,474,null,,,,,,,,,,,,,,,,,,,,,,,,,,,,,,,,,,,,,,,,,,,,,,,,,,,,,,,,,,
218,null,,,,,,,,,,,,,,,,,,,,,,,,,,,,,,,,,,,,,,,,,,,,,,,,,,,,,,,,,,,,,,,,,,,,,,,,,,,,,,
219,null,,,,,,,,,,,,,,,,,,,,,,,,,,,,,,,,,,,,,,,,,,,,,,,,,,,,,,,,,,,,,,,,,,,,,,,,,,,,,,
220,101,1292,103,1022,104,573,106,912,107,1564,null,,,,,,,,,,,,,,,,,,,,,,,,,,,,,,,,,,,,,,,,,,,,,,,,,,,,,,,,,,,,,,,,,,,,
221,S28,645,S29,267,S30,1049,null,,,,,,,,,,,,,,,,,,,,,,,,,,,,,,,,,,,,,,,,,,,,,,,,,,,,,,,,,,,,,,,,,,,,,,,,
222,L28,1488,null,,,,,,,,,,,,,,,,,,,,,,,,,,,,,,,,,,,,,,,,,,,,,,,,,,,,,,,,,,,,,,,,,,,,,,,,,,,,
223,R01,625,R03,1162,null,,,,,,,,,,,,,,,,,,,,,,,,,,,,,,,,,,,,,,,,,,,,,,,,,,,,,,,,,,,,,,,,,,,,,,,,,,
224,633,1439,634,1126,635,1051,636,1194,F14,1333,L03,1081,L05,732,L06,379,R19,1328,R20,1059,R21,1329,null,,,,,,,,,,,,,,,,,,,,,,,,,,,,,,,,,,,,,,,,,,,,,,,,,,,,,,,,
225,A47,1283,A48,853,A49,1417,J29,1049,J30,661,J31,663,M09,1365,M10,1059,M11,889,M12,1305,null,,,,,,,,,,,,,,,,,,,,,,,,,,,,,,,,,,,,,,,,,,,,,,,,,,,,,,,,,,
226,713,1101,714,716,715,588,716,992,null,,,,,,,,,,,,,,,,,,,,,,,,,,,,,,,,,,,,,,,,,,,,,,,,,,,,,,,,,,,,,,,,,,,,,,
227,B12,961,B13,843,B14,799,B15,1128,N02,792,N03,1223,R36,1491,R39,854,R40,744,R41,1151,null,,,,,,,,,,,,,,,,,,,,,,,,,,,,,,,,,,,,,,,,,,,,,,,,,,,,,,,,,,
228,B12,1472,R35,1334,R36,801,R39,438,R40,848,R41,1257,null,,,,,,,,,,,,,,,,,,,,,,,,,,,,,,,,,,,,,,,,,,,,,,,,,,,,,,,,,,,,,,,,,,
229,628,1336,629,752,630,582,631,1181,723,1117,724,1570,901,1347,B06,4399,B08,957,B10,1173,D14,1279,D15,1379,F11,310,F12,808,Q03,1250,R11,749,R13,1178,R14,1346,null,,,,,,,,,,,,,,,,,,,,,,,,,,,,,,,,,,,,,,,,,,
230,124,1317,125,865,126,203,127,439,128,899,129,1191,629,1508,630,983,631,1061,632,1455,723,1149,724,715,725,447,726,1650,901,934,902,352,A24,868,A25,339,A27,543,A28,1022,B10,710,D14,327,D15,205,D16,594,D17,899,F11,1247,F12,790,R11,1592,R13,1099,R14,479,R15,2,R16,475,R17,914,null,,,,,,,,,,,,
231,134,988,135,510,136,177,137,258,138,612,139,1061,228,556,229,1000,230,1220,418,877,419,1096,420,1344,637,1397,638,1083,639,719,640,614,A33,877,A34,357,A36,440,A38,916,D21,1238,D22,1252,E01,582,F16,1319,M19,1293,M20,730,M21,574,M22,899,M23,1222,Q01,672,R22,1083,R23,595,R24,573,R25,773,R26,1100,null,,,,,,,,
232,637,1641,638,1331,639,1279,D22,804,F14,1216,F15,619,F16,493,F18,2793,M18,574,M19,1021,M20,1268,Q01,1315,null,,,,,,,,,,,,,,,,,,,,,,,,,,,,,,,,,,,,,,,,,,,,,,,,,,,,,,
233,127,1296,629,1368,630,840,631,493,632,1128,633,1407,723,429,724,886,725,1323,901,663,902,1205,D15,1264,D16,1100,D17,1519,F11,810,F12,1302,R11,1368,R15,1468,R16,1275,R17,1534,null,,,,,,,,,,,,,,,,,,,,,,,,,,,,,,,,,,,,,,
234,128,1038,129,790,130,535,131,601,132,907,133,1200,632,880,633,588,634,302,635,571,636,987,A28,1275,A30,809,A31,928,A32,1108,D17,859,D18,333,D19,546,D20,1108,L01,1050,L02,632,L03,531,L05,888,L06,1211,R17,845,R18,484,R19,138,R20,465,R21,942,null,,,,,,,,,,,,,,,,,,,,
235,108,1560,109,2123,110,2388,111,1885,408,1123,409,682,410,662,411,933,412,1170,D06,1339,D07,1006,D08,1155,D09,1532,null,,,,,,,,,,,,,,,,,,,,,,,,,,,,,,,,,,,,,,,,,,,,,,,,,,,,
236,624,1111,625,656,626,124,627,671,628,1216,A19,1434,A20,1068,A21,1178,Q03,1264,Q04,400,Q05,922,null,,,,,,,,,,,,,,,,,,,,,,,,,,,,,,,,,,,,,,,,,,,,,,,,,,,,,,,,
237,124,1292,125,1335,626,1248,627,662,628,153,629,632,630,1170,A21,1476,A22,1127,A24,1338,B06,5043,B08,448,B10,1166,D14,1534,F11,1174,F12,1130,Q03,628,Q04,1512,R11,635,R13,794,R14,1356,null,,,,,,,,,,,,,,,,,,,,,,,,,,,,,,,,,,,,
238,118,1145,119,745,120,221,121,354,122,831,A17,1554,A18,1126,A19,708,A20,781,A21,1192,null,,,,,,,,,,,,,,,,,,,,,,,,,,,,,,,,,,,,,,,,,,,,,,,,,,,,,,,,,,
239,120,996,121,473,122,139,123,626,124,1008,A19,1443,A20,921,A21,605,A22,1021,null,,,,,,,,,,,,,,,,,,,,,,,,,,,,,,,,,,,,,,,,,,,,,,,,,,,,,,,,,,,,
240,null,,,,,,,,,,,,,,,,,,,,,,,,,,,,,,,,,,,,,,,,,,,,,,,,,,,,,,,,,,,,,,,,,,,,,,,,,,,,,,
241,101,1942,103,1782,104,1441,106,1644,402,984,405,392,406,866,407,1325,D01,1442,D03,679,D04,1091,null,,,,,,,,,,,,,,,,,,,,,,,,,,,,,,,,,,,,,,,,,,,,,,,,,,,,,,,,
242,212,1521,504,1287,505,1045,602,1650,603,1301,604,905,606,1228,607,1388,null,,,,,,,,,,,,,,,,,,,,,,,,,,,,,,,,,,,,,,,,,,,,,,,,,,,,,,,,,,,,,,
243,108,1110,109,611,110,481,111,836,A03,782,A05,374,A06,874,A07,1150,null,,,,,,,,,,,,,,,,,,,,,,,,,,,,,,,,,,,,,,,,,,,,,,,,,,,,,,,,,,,,,,
244,111,975,112,175,113,746,A06,1021,A07,549,A09,176,A10,575,A11,1053,D12,1301,null,,,,,,,,,,,,,,,,,,,,,,,,,,,,,,,,,,,,,,,,,,,,,,,,,,,,,,,,,,,,
245,null,,,,,,,,,,,,,,,,,,,,,,,,,,,,,,,,,,,,,,,,,,,,,,,,,,,,,,,,,,,,,,,,,,,,,,,,,,,,,,
246,127,1524,128,1051,129,982,130,1249,131,1498,725,1516,726,273,902,1660,A27,1398,A28,910,A30,993,A31,1377,D17,1308,D18,1463,L01,1463,R16,1584,R17,1294,R18,1268,null,,,,,,,,,,,,,,,,,,,,,,,,,,,,,,,,,,,,,,,,,,
247,221,1638,222,1058,301,1248,302,1380,412,1031,413,632,414,169,415,1066,A10,1934,A11,1481,D09,1353,D10,710,D11,157,D12,1275,null,,,,,,,,,,,,,,,,,,,,,,,,,,,,,,,,,,,,,,,,,,,,,,,,,,
248,213,954,214,1170,215,1121,608,901,609,573,610,504,611,820,612,1337,null,,,,,,,,,,,,,,,,,,,,,,,,,,,,,,,,,,,,,,,,,,,,,,,,,,,,,,,,,,,,,,
249,130,993,131,712,132,401,133,108,134,572,135,1036,634,1491,635,1101,636,957,637,1041,638,1389,A30,1100,A31,612,A32,268,A33,793,A34,1256,D18,1090,D19,645,D20,268,D21,1115,L01,494,L02,563,L03,1010,L05,1342,R19,1366,R20,1063,R21,861,R22,1165,null,,,,,,,,,,,,,,,,,,,,,,
250,604,821,606,429,607,369,608,816,609,1318,null,,,,,,,,,,,,,,,,,,,,,,,,,,,,,,,,,,,,,,,,,,,,,,,,,,,,,,,,,,,,,,,,,,,,
251,null,,,,,,,,,,,,,,,,,,,,,,,,,,,,,,,,,,,,,,,,,,,,,,,,,,,,,,,,,,,,,,,,,,,,,,,,,,,,,,
252,null,,,,,,,,,,,,,,,,,,,,,,,,,,,,,,,,,,,,,,,,,,,,,,,,,,,,,,,,,,,,,,,,,,,,,,,,,,,,,,
253,701,1372,702,610,705,1284,null,,,,,,,,,,,,,,,,,,,,,,,,,,,,,,,,,,,,,,,,,,,,,,,,,,,,,,,,,,,,,,,,,,,,,,,,
254,205,1156,206,680,207,273,208,761,209,1274,null,,,,,,,,,,,,,,,,,,,,,,,,,,,,,,,,,,,,,,,,,,,,,,,,,,,,,,,,,,,,,,,,,,,,
255,G26,1283,G28,674,G29,701,G30,1274,L08,155,L10,674,L11,1084,L12,1487,M14,1318,M16,1161,null,,,,,,,,,,,,,,,,,,,,,,,,,,,,,,,,,,,,,,,,,,,,,,,,,,,,,,,,,,
256,G29,729,G30,822,G31,1310,L08,642,L10,799,L11,1209,M13,1098,M14,714,M16,361,null,,,,,,,,,,,,,,,,,,,,,,,,,,,,,,,,,,,,,,,,,,,,,,,,,,,,,,,,,,,,
257,B12,1700,D26,1459,D27,1397,D28,1431,D29,1610,F24,1458,F25,793,F26,574,F27,924,null,,,,,,,,,,,,,,,,,,,,,,,,,,,,,,,,,,,,,,,,,,,,,,,,,,,,,,,,,,,,
258,A57,1535,A59,1141,A60,896,A61,1193,J14,1158,J15,688,J16,530,J17,979,J19,1331,null,,,,,,,,,,,,,,,,,,,,,,,,,,,,,,,,,,,,,,,,,,,,,,,,,,,,,,,,,,,,
259,201,592,204,179,205,672,206,1117,null,,,,,,,,,,,,,,,,,,,,,,,,,,,,,,,,,,,,,,,,,,,,,,,,,,,,,,,,,,,,,,,,,,,,,,
260,710,1153,711,790,712,370,713,567,714,986,715,1289,G14,1159,G15,865,G16,855,G18,1271,null,,,,,,,,,,,,,,,,,,,,,,,,,,,,,,,,,,,,,,,,,,,,,,,,,,,,,,,,,,
261,136,1010,137,637,138,260,139,140,140,786,142,726,228,571,229,642,230,455,418,376,419,245,420,470,639,1430,640,876,A34,1178,A36,620,A38,530,E01,459,M20,1366,M21,898,M22,547,M23,401,Q01,1383,R23,1306,R24,690,R25,269,R26,201,R27,603,null,,,,,,,,,,,,,,,,,,,,,,
262,625,1210,626,690,627,1227,Q03,1252,Q04,382,Q05,887,null,,,,,,,,,,,,,,,,,,,,,,,,,,,,,,,,,,,,,,,,,,,,,,,,,,,,,,,,,,,,,,,,,,
263,624,1174,625,802,626,399,627,948,628,1491,Q03,979,Q04,93,Q05,509,null,,,,,,,,,,,,,,,,,,,,,,,,,,,,,,,,,,,,,,,,,,,,,,,,,,,,,,,,,,,,,,
265,131,1111,132,800,133,387,134,525,135,963,136,1214,635,1445,636,1257,637,1170,638,1405,A31,872,A32,547,A33,813,A34,1103,D19,1013,D20,547,D21,1120,L01,754,L02,931,L03,1354,R20,1408,R21,1161,R22,1164,R23,1328,null,,,,,,,,,,,,,,,,,,,,,,,,,,,,,,
0,624,1174,625,802,626,399,627,948,628,1491,Q03,979,Q04,93,Q05,509,null,,,,,,,,,,,,,,,,,,,,,,,,,,,,,,,,,,,,,,,,,,,,,,,,,,,,,,,,,,,,,,
